session_id,session_position,session_length,track_id_clean,skip_1,skip_2,skip_3,not_skipped,context_switch,no_pause_before_play,short_pause_before_play,long_pause_before_play,hist_user_behavior_n_seekfwd,hist_user_behavior_n_seekback,hist_user_behavior_is_shuffle,hour_of_day,date,premium,context_type,hist_user_behavior_reason_start,hist_user_behavior_reason_end
0_cae143f6-2fab-42e6-9ea3-0a8436c53d09,1,10,t_fc5df5ba-5396-49a7-8b29-35d0d28249e0,false,true,true,false,0,0,0,0,0,0,false,22,2018-07-14,true,catalog,playbtn,fwdbtn
0_cae143f6-2fab-42e6-9ea3-0a8436c53d09,2,10,t_bfe797e1-ddb7-4018-a6ba-ca05886533e7,true,true,true,false,0,1,0,0,0,0,false,22,2018-07-14,true,catalog,fwdbtn,fwdbtn
0_cae143f6-2fab-42e6-9ea3-0a8436c53d09,3,10,t_35bfb822-c716-491d-93fa-7e8dc0c12d07,false,false,false,true,0,1,0,0,0,0,false,23,2018-07-14,true,catalog,fwdbtn,trackdone
0_cae143f6-2fab-42e6-9ea3-0a8436c53d09,4,10,t_42d15744-c948-489e-a92b-9e664c170b57,false,false,false,true,0,1,0,0,0,0,false,23,2018-07-14,true,catalog,trackdone,trackdone
0_cae143f6-2fab-42e6-9ea3-0a8436c53d09,5,10,t_c2afeb6c-2107-45f4-aa1e-f4d18de1af74,false,false,false,true,0,1,0,0,0,0,false,23,2018-07-14,true,catalog,trackdone,trackdone
0_cae143f6-2fab-42e6-9ea3-0a8436c53d09,6,10,t_3c70d8ac-b601-4f8e-be57-cfdb7f119183,false,false,false,true,0,1,0,0,0,0,false,23,2018-07-14,true,catalog,trackdone,trackdone
0_cae143f6-2fab-42e6-9ea3-0a8436c53d09,7,10,t_92c7a02c-205b-4ca5-87bf-a244e6baa8cd,false,false,false,true,0,1,0,0,0,0,false,23,2018-07-14,true,catalog,trackdone,trackdone
0_cae143f6-2fab-42e6-9ea3-0a8436c53d09,8,10,t_043b7b1a-444f-4d1c-9b46-c83895cb4d47,false,false,true,false,0,0,1,1,0,0,false,23,2018-07-14,true,catalog,trackdone,endplay
0_cae143f6-2fab-42e6-9ea3-0a8436c53d09,9,10,t_2fe973ec-599e-4918-ab25-f5122b2a64ec,false,false,false,true,1,1,0,0,0,0,false,23,2018-07-14,true,catalog,clickrow,trackdone
0_cae143f6-2fab-42e6-9ea3-0a8436c53d09,10,10,t_4f29348e-6a12-44c5-b6df-31e440fc5470,false,false,false,true,0,1,0,0,0,0,false,23,2018-07-14,true,catalog,trackdone,trackdone
0_ce200f32-21b0-4299-baff-55820a07cf89,1,20,t_2ba0c7ce-9415-41b5-a071-155bdd8c2857,false,false,false,true,0,0,0,0,0,0,false,5,2018-07-15,true,catalog,trackdone,trackdone
0_ce200f32-21b0-4299-baff-55820a07cf89,2,20,t_e7181d84-b9d7-4f03-991b-18725a49b8aa,false,false,false,true,0,1,0,0,0,0,false,6,2018-07-15,true,catalog,trackdone,trackdone
0_ce200f32-21b0-4299-baff-55820a07cf89,3,20,t_c6349535-a6c6-4a03-b864-cbde3614b640,false,false,false,true,0,1,0,0,0,0,false,6,2018-07-15,true,catalog,trackdone,trackdone
0_ce200f32-21b0-4299-baff-55820a07cf89,4,20,t_7e08398c-3dee-41a0-a0c7-db0f7b43810e,false,false,true,false,0,1,0,0,0,0,false,6,2018-07-15,true,catalog,trackdone,endplay
0_ce200f32-21b0-4299-baff-55820a07cf89,5,20,t_00750953-913d-4950-94a2-285b662c32f3,true,true,true,false,1,1,0,0,0,0,false,6,2018-07-15,true,charts,clickrow,endplay
0_ce200f32-21b0-4299-baff-55820a07cf89,6,20,t_a0fa9956-ffc3-41c9-a344-e247baa0e321,false,true,true,false,0,1,0,0,0,0,false,6,2018-07-15,true,charts,clickrow,endplay
0_ce200f32-21b0-4299-baff-55820a07cf89,7,20,t_32270005-26a1-4763-8ba5-44fcc15f9914,false,true,true,false,0,1,0,0,0,0,false,6,2018-07-15,true,charts,clickrow,fwdbtn
0_ce200f32-21b0-4299-baff-55820a07cf89,8,20,t_77b02acb-1b1f-4b36-b8fc-2c3e01892b9a,true,true,true,false,0,1,0,0,0,0,false,6,2018-07-15,true,charts,fwdbtn,fwdbtn
0_ce200f32-21b0-4299-baff-55820a07cf89,9,20,t_a0fa9956-ffc3-41c9-a344-e247baa0e321,true,true,true,false,0,1,0,0,0,0,false,6,2018-07-15,true,charts,fwdbtn,fwdbtn
0_ce200f32-21b0-4299-baff-55820a07cf89,10,20,t_00750953-913d-4950-94a2-285b662c32f3,true,true,true,false,0,1,0,0,0,0,false,6,2018-07-15,true,charts,fwdbtn,fwdbtn
0_ce200f32-21b0-4299-baff-55820a07cf89,11,20,t_25460c83-c693-4bf3-9689-b503bd171bb1,true,true,true,false,0,1,0,0,0,0,false,6,2018-07-15,true,charts,fwdbtn,fwdbtn
0_ce200f32-21b0-4299-baff-55820a07cf89,12,20,t_8a05a782-0d94-4efb-9cd1-1845366f3784,true,true,true,false,0,1,0,0,0,0,false,6,2018-07-15,true,charts,fwdbtn,fwdbtn
0_ce200f32-21b0-4299-baff-55820a07cf89,13,20,t_25c9537b-51c6-487e-b3b8-ee8fc2dfc4be,true,true,true,false,0,1,0,0,0,0,false,6,2018-07-15,true,charts,fwdbtn,fwdbtn
0_ce200f32-21b0-4299-baff-55820a07cf89,14,20,t_9f63b726-273e-4c1a-9207-96c3f4b1b946,true,true,true,false,0,0,1,1,0,0,false,6,2018-07-15,true,charts,fwdbtn,fwdbtn
0_ce200f32-21b0-4299-baff-55820a07cf89,15,20,t_acc0f016-2e30-420a-bcf4-b31bafbac837,true,true,true,false,0,1,0,0,0,0,false,6,2018-07-15,true,charts,fwdbtn,fwdbtn
0_ce200f32-21b0-4299-baff-55820a07cf89,16,20,t_5ff41a61-745a-4e63-8106-b35d0074dcfb,true,true,true,false,0,1,0,0,0,0,false,6,2018-07-15,true,charts,fwdbtn,fwdbtn
0_ce200f32-21b0-4299-baff-55820a07cf89,17,20,t_9983aa28-940b-48f3-be66-1dc169a73893,true,true,true,false,0,0,1,1,0,0,false,6,2018-07-15,true,charts,fwdbtn,fwdbtn
0_ce200f32-21b0-4299-baff-55820a07cf89,18,20,t_955e6228-a9b5-4edf-ad00-b4affe4f8e56,true,true,true,false,0,0,1,1,0,0,false,6,2018-07-15,true,charts,fwdbtn,fwdbtn
0_ce200f32-21b0-4299-baff-55820a07cf89,19,20,t_a66ea088-b357-449a-8a1e-64dd0b8d6cb5,true,true,true,false,0,0,1,1,0,0,false,6,2018-07-15,true,charts,fwdbtn,fwdbtn
0_ce200f32-21b0-4299-baff-55820a07cf89,20,20,t_587795cb-fa42-40e5-8e06-254e4ed0a06e,true,true,true,false,0,0,1,1,0,0,false,6,2018-07-15,true,charts,fwdbtn,fwdbtn
0_d2f79854-472a-4ec0-862f-cd5306efca4e,1,14,t_ef0d55c0-c4dd-4441-ab8b-f3a42e0406df,false,false,true,false,0,0,0,0,0,0,false,8,2018-07-15,true,catalog,clickrow,remote
0_d2f79854-472a-4ec0-862f-cd5306efca4e,2,14,t_770f6508-f0b2-45ea-9434-1b74c7a75216,false,false,false,true,1,1,0,0,0,0,true,8,2018-07-15,true,catalog,playbtn,trackdone
0_d2f79854-472a-4ec0-862f-cd5306efca4e,3,14,t_770f6508-f0b2-45ea-9434-1b74c7a75216,false,false,true,false,1,1,0,0,0,0,false,8,2018-07-15,true,radio,clickrow,fwdbtn
0_d2f79854-472a-4ec0-862f-cd5306efca4e,4,14,t_66e7fb0e-8ffc-4116-bdbb-e1be17d947b7,true,true,true,false,0,1,0,0,0,0,false,8,2018-07-15,true,radio,fwdbtn,fwdbtn
0_d2f79854-472a-4ec0-862f-cd5306efca4e,5,14,t_9221805b-74d5-487c-9cf6-95e87ff05dcc,true,true,true,false,0,1,0,0,0,0,false,8,2018-07-15,true,radio,fwdbtn,endplay
0_d2f79854-472a-4ec0-862f-cd5306efca4e,6,14,t_770f6508-f0b2-45ea-9434-1b74c7a75216,false,true,true,false,1,1,0,0,0,0,true,8,2018-07-15,true,catalog,clickrow,endplay
0_d2f79854-472a-4ec0-862f-cd5306efca4e,7,14,t_8dfe55dd-c4a1-42fd-9d63-0153a22874ef,true,true,true,false,1,1,0,0,0,0,true,8,2018-07-15,true,editorial_playlist,playbtn,fwdbtn
0_d2f79854-472a-4ec0-862f-cd5306efca4e,8,14,t_da9d7aab-192a-479a-9705-1e36b3d3ed71,true,true,true,false,0,1,0,0,0,0,true,8,2018-07-15,true,editorial_playlist,fwdbtn,fwdbtn
0_d2f79854-472a-4ec0-862f-cd5306efca4e,9,14,t_bcf0210a-221a-4b4c-988d-37590450004d,false,true,true,false,0,1,0,0,0,0,true,8,2018-07-15,true,editorial_playlist,fwdbtn,fwdbtn
0_d2f79854-472a-4ec0-862f-cd5306efca4e,10,14,t_b632738e-ab74-4354-8f2f-affeb23a29c4,true,true,true,false,0,1,0,0,0,0,true,8,2018-07-15,true,editorial_playlist,fwdbtn,fwdbtn
0_d2f79854-472a-4ec0-862f-cd5306efca4e,11,14,t_3e811d32-4d0d-4dd7-8195-0103a7d7924d,false,false,false,true,0,1,0,0,0,0,true,9,2018-07-15,true,editorial_playlist,fwdbtn,trackdone
0_d2f79854-472a-4ec0-862f-cd5306efca4e,12,14,t_9ccc16ec-f323-44c0-a6ab-52929aa59062,false,false,false,true,0,1,0,0,0,0,true,9,2018-07-15,true,editorial_playlist,trackdone,trackdone
0_d2f79854-472a-4ec0-862f-cd5306efca4e,13,14,t_26e8ba50-0b22-4cfd-bfa7-63ecbe27de12,false,false,false,true,0,1,0,0,0,0,true,9,2018-07-15,true,editorial_playlist,trackdone,trackdone
0_d2f79854-472a-4ec0-862f-cd5306efca4e,14,14,t_444d11de-ab81-4eed-b0a8-21027f53745d,false,false,false,true,0,0,0,1,0,0,true,9,2018-07-15,true,editorial_playlist,trackdone,trackdone
0_d9e9b201-1028-4696-b350-e6c4f52e96aa,1,11,t_3e0de4fb-047d-4885-b844-030af4381172,false,false,false,true,0,0,0,0,0,0,false,14,2018-07-15,false,editorial_playlist,fwdbtn,trackdone
0_d9e9b201-1028-4696-b350-e6c4f52e96aa,2,11,t_28cb5a0f-a207-47d1-b676-4058d3b64e74,false,true,true,false,0,0,1,1,0,0,false,14,2018-07-15,false,editorial_playlist,trackdone,fwdbtn
0_d9e9b201-1028-4696-b350-e6c4f52e96aa,3,11,t_8b7e19d6-4f16-4dea-8f8d-c4f72a0f532a,true,true,true,false,0,1,0,0,0,0,false,14,2018-07-15,false,editorial_playlist,fwdbtn,fwdbtn
0_d9e9b201-1028-4696-b350-e6c4f52e96aa,4,11,t_99a7ef3e-9c7b-40e3-b7ea-ef341c33c8d5,true,true,true,false,0,1,0,0,0,0,false,14,2018-07-15,false,editorial_playlist,fwdbtn,fwdbtn
0_d9e9b201-1028-4696-b350-e6c4f52e96aa,5,11,t_4bb0cad9-e80e-4bae-91af-03d061636c88,true,true,true,false,0,1,0,0,0,0,false,14,2018-07-15,false,editorial_playlist,fwdbtn,fwdbtn
0_d9e9b201-1028-4696-b350-e6c4f52e96aa,6,11,t_b1b8e767-bc40-4fbe-85a6-dd463c63b881,true,true,true,false,0,1,0,0,0,0,false,14,2018-07-15,false,editorial_playlist,fwdbtn,fwdbtn
0_d9e9b201-1028-4696-b350-e6c4f52e96aa,7,11,t_ca921db2-4eb9-4024-911d-62233d78c017,true,true,true,false,0,1,0,0,0,0,false,14,2018-07-15,false,editorial_playlist,fwdbtn,fwdbtn
0_d9e9b201-1028-4696-b350-e6c4f52e96aa,8,11,t_220d1c3b-4740-47f9-93b8-8c84d7e673ef,false,true,true,false,0,1,0,0,0,0,false,14,2018-07-15,false,editorial_playlist,fwdbtn,fwdbtn
0_d9e9b201-1028-4696-b350-e6c4f52e96aa,9,11,t_13ceba8d-4d30-44c7-a80d-9f75adca2432,false,true,true,false,0,0,1,1,0,0,false,14,2018-07-15,false,editorial_playlist,fwdbtn,endplay
0_d9e9b201-1028-4696-b350-e6c4f52e96aa,10,11,t_f74acbb5-05a3-4588-ba33-23899276d9d2,false,true,true,false,0,0,0,1,0,0,false,14,2018-07-15,false,editorial_playlist,playbtn,endplay
0_d9e9b201-1028-4696-b350-e6c4f52e96aa,11,11,t_bacf06d3-9185-4183-84ea-ff0db51475ce,false,false,false,true,1,1,0,0,0,0,false,14,2018-07-15,false,editorial_playlist,clickrow,trackdone
0_de073c4d-2733-4c92-8f54-a564f1232a10,1,20,t_f23edf74-e249-4ee2-ad2c-dad8d997c9c6,true,true,true,false,0,0,0,0,0,0,true,22,2018-07-14,true,user_collection,fwdbtn,fwdbtn
0_de073c4d-2733-4c92-8f54-a564f1232a10,2,20,t_f99f68ca-cc0a-4a39-b3fe-6881bf92a111,false,false,false,true,0,1,0,0,0,0,true,22,2018-07-14,true,user_collection,fwdbtn,trackdone
0_de073c4d-2733-4c92-8f54-a564f1232a10,3,20,t_4908032c-8f51-4d79-ba62-b13fa547981a,true,true,true,false,0,0,1,1,0,0,true,23,2018-07-14,true,user_collection,trackdone,fwdbtn
0_de073c4d-2733-4c92-8f54-a564f1232a10,4,20,t_e55a30c5-4ed7-4e84-9301-4f276f6a06b3,true,true,true,false,0,1,0,0,0,0,true,23,2018-07-14,true,user_collection,fwdbtn,fwdbtn
0_de073c4d-2733-4c92-8f54-a564f1232a10,5,20,t_811f4245-350d-45ef-82bb-22d658617c3e,true,true,true,false,0,1,0,0,0,0,true,23,2018-07-14,true,user_collection,fwdbtn,fwdbtn
0_de073c4d-2733-4c92-8f54-a564f1232a10,6,20,t_9a6ae6af-b711-4b75-9893-d1c36606c018,false,false,false,true,0,1,0,0,0,0,true,23,2018-07-14,true,user_collection,fwdbtn,trackdone
0_de073c4d-2733-4c92-8f54-a564f1232a10,7,20,t_0ad78c84-06d0-4276-a8fe-72ad6d6997cd,false,false,false,true,0,1,0,0,0,0,true,23,2018-07-14,true,user_collection,trackdone,trackdone
0_de073c4d-2733-4c92-8f54-a564f1232a10,8,20,t_a41150d8-31e5-4939-bd22-ae73dedbe685,false,false,false,true,0,1,0,0,0,0,true,23,2018-07-14,true,user_collection,trackdone,trackdone
0_de073c4d-2733-4c92-8f54-a564f1232a10,9,20,t_330ecba5-30f2-420f-89a6-9219219c54ad,false,false,false,true,0,1,0,0,0,0,true,23,2018-07-14,true,user_collection,trackdone,trackdone
0_de073c4d-2733-4c92-8f54-a564f1232a10,10,20,t_12c6f81b-7d8f-4f41-8497-b655f6d8b2e9,true,true,true,false,0,0,1,1,0,0,true,23,2018-07-14,true,user_collection,trackdone,fwdbtn
0_de073c4d-2733-4c92-8f54-a564f1232a10,11,20,t_6319721f-9a75-4de9-963e-84b23426d3bf,true,true,true,false,0,1,0,0,0,0,true,23,2018-07-14,true,user_collection,fwdbtn,fwdbtn
0_de073c4d-2733-4c92-8f54-a564f1232a10,12,20,t_2fa1ab3f-916a-454b-901f-e189a6315aba,false,false,false,true,0,1,0,0,0,0,true,23,2018-07-14,true,user_collection,fwdbtn,trackdone
0_de073c4d-2733-4c92-8f54-a564f1232a10,13,20,t_a25cc19d-75b8-45af-a5c0-e039d4017aaa,false,false,true,false,0,0,1,1,0,0,true,23,2018-07-14,true,user_collection,trackdone,fwdbtn
0_de073c4d-2733-4c92-8f54-a564f1232a10,14,20,t_481d130e-e1a6-4866-b88d-785d89785886,false,true,true,false,0,1,0,0,0,0,true,23,2018-07-14,true,user_collection,fwdbtn,endplay
0_de073c4d-2733-4c92-8f54-a564f1232a10,15,20,t_a6bbed28-3e9c-489a-be02-fa9cf36b5496,false,false,false,true,0,1,0,0,0,0,true,23,2018-07-14,true,user_collection,clickrow,trackdone
0_de073c4d-2733-4c92-8f54-a564f1232a10,16,20,t_dfea08a1-792e-4793-a49f-11a3ff59a6be,false,false,false,true,0,1,0,0,0,0,true,23,2018-07-14,true,user_collection,trackdone,trackdone
0_de073c4d-2733-4c92-8f54-a564f1232a10,17,20,t_3c70d8ac-b601-4f8e-be57-cfdb7f119183,false,false,false,true,0,1,0,0,0,0,true,23,2018-07-14,true,user_collection,trackdone,trackdone
0_de073c4d-2733-4c92-8f54-a564f1232a10,18,20,t_64835443-829e-4c92-8db7-55a6a7b9a964,false,false,true,false,0,0,1,1,0,0,true,23,2018-07-14,true,user_collection,trackdone,fwdbtn
0_de073c4d-2733-4c92-8f54-a564f1232a10,19,20,t_47d76476-e4bc-4647-a3ab-e421c341b185,false,false,true,false,0,1,0,0,0,0,true,23,2018-07-14,true,user_collection,fwdbtn,fwdbtn
0_de073c4d-2733-4c92-8f54-a564f1232a10,20,20,t_de7c76af-d010-4372-ba7b-f785ecb15b85,false,false,false,true,0,1,0,0,0,0,true,23,2018-07-14,true,user_collection,fwdbtn,trackdone
0_df90e06e-5502-4165-8980-984adc98ae27,1,20,t_32441a24-116a-4ba5-9f79-1cb38f0c8030,false,false,false,true,0,0,0,0,0,0,true,14,2018-07-15,true,editorial_playlist,trackdone,trackdone
0_df90e06e-5502-4165-8980-984adc98ae27,2,20,t_442242be-2016-41e2-8d90-66c00dd16a13,true,true,true,false,0,0,1,1,0,0,true,14,2018-07-15,true,editorial_playlist,trackdone,fwdbtn
0_df90e06e-5502-4165-8980-984adc98ae27,3,20,t_409f7b74-6c3b-49f0-b171-3bfd14f72646,false,false,false,true,0,1,0,0,0,0,true,14,2018-07-15,true,editorial_playlist,fwdbtn,trackdone
0_df90e06e-5502-4165-8980-984adc98ae27,4,20,t_31950f54-bf65-457b-9321-2ce2dddf61ec,false,false,false,true,0,1,0,0,0,0,true,14,2018-07-15,true,editorial_playlist,trackdone,trackdone
0_df90e06e-5502-4165-8980-984adc98ae27,5,20,t_7df5aa29-84a6-4bf5-abd5-30ea8d13f448,false,false,false,true,0,1,0,0,0,0,true,14,2018-07-15,true,editorial_playlist,trackdone,trackdone
0_df90e06e-5502-4165-8980-984adc98ae27,6,20,t_1d5a4c45-cc83-429c-bad2-b4a34775d5aa,false,false,false,true,0,1,0,0,0,0,true,14,2018-07-15,true,editorial_playlist,trackdone,trackdone
0_df90e06e-5502-4165-8980-984adc98ae27,7,20,t_4ed81806-6858-43fb-b79b-72637f219e32,false,false,false,true,0,1,0,0,0,0,true,14,2018-07-15,true,editorial_playlist,trackdone,trackdone
0_df90e06e-5502-4165-8980-984adc98ae27,8,20,t_31cc3273-dc13-47b6-8ebc-83470dae3820,false,false,false,true,0,1,0,0,0,0,true,14,2018-07-15,true,editorial_playlist,trackdone,trackdone
0_df90e06e-5502-4165-8980-984adc98ae27,9,20,t_298d377c-b9a2-428b-a38f-f05bcf3a1829,false,false,false,true,0,1,0,0,0,0,true,14,2018-07-15,true,editorial_playlist,trackdone,trackdone
0_df90e06e-5502-4165-8980-984adc98ae27,10,20,t_ec2d5276-2d90-4b57-96e5-3ca8e573c421,false,false,false,true,0,1,0,0,0,0,true,14,2018-07-15,true,editorial_playlist,trackdone,trackdone
0_df90e06e-5502-4165-8980-984adc98ae27,11,20,t_4329ae4b-43a9-4f38-b0a0-57f174d8799e,false,false,false,true,0,1,0,0,0,0,true,14,2018-07-15,true,editorial_playlist,trackdone,trackdone
0_df90e06e-5502-4165-8980-984adc98ae27,12,20,t_2b4da8fe-4064-4131-b644-2346a056a5f0,false,false,false,true,0,1,0,0,0,0,true,14,2018-07-15,true,editorial_playlist,trackdone,trackdone
0_df90e06e-5502-4165-8980-984adc98ae27,13,20,t_2e5bd8d3-5db6-4e47-afb6-fd26d16607bf,false,false,false,true,0,1,0,0,0,0,true,14,2018-07-15,true,editorial_playlist,trackdone,trackdone
0_df90e06e-5502-4165-8980-984adc98ae27,14,20,t_b8119e2e-18a8-4a52-891d-dc10280dfec8,false,false,false,true,0,1,0,0,0,0,true,14,2018-07-15,true,editorial_playlist,trackdone,trackdone
0_df90e06e-5502-4165-8980-984adc98ae27,15,20,t_9b98e86b-46bb-4484-a6a8-cad22fd232f2,false,false,false,true,0,1,0,0,0,0,true,15,2018-07-15,true,editorial_playlist,trackdone,trackdone
0_df90e06e-5502-4165-8980-984adc98ae27,16,20,t_74681aac-5e57-42da-9d26-5f502a1ca378,false,false,true,false,0,0,1,1,0,0,true,15,2018-07-15,true,editorial_playlist,trackdone,fwdbtn
0_df90e06e-5502-4165-8980-984adc98ae27,17,20,t_f1a6f6b2-751d-482d-a192-795db818f43d,false,false,false,true,0,1,0,0,0,1,true,15,2018-07-15,true,editorial_playlist,fwdbtn,trackdone
0_df90e06e-5502-4165-8980-984adc98ae27,18,20,t_d4e4bef7-c203-4ddb-849c-4816edfb642a,false,false,false,true,0,1,0,0,0,0,true,15,2018-07-15,true,editorial_playlist,trackdone,trackdone
0_df90e06e-5502-4165-8980-984adc98ae27,19,20,t_17fa1074-1355-42a8-ace0-f6868ff2b787,false,false,false,true,0,0,1,1,0,0,true,15,2018-07-15,true,editorial_playlist,trackdone,trackdone
0_df90e06e-5502-4165-8980-984adc98ae27,20,20,t_a522a7b7-db9f-4083-b00b-ceec22656f37,false,false,false,true,0,1,0,0,0,0,true,15,2018-07-15,true,editorial_playlist,trackdone,trackdone
0_e6f0a246-680c-4859-b117-922f1edcb47a,1,20,t_34e1e89e-94e3-48d6-9fe6-5f0092731893,false,false,true,false,0,0,0,0,0,0,false,1,2018-07-15,true,user_collection,trackdone,fwdbtn
0_e6f0a246-680c-4859-b117-922f1edcb47a,2,20,t_ca0a3b34-b665-4b3c-8277-5770b42005f3,true,true,true,false,0,1,0,0,0,0,false,1,2018-07-15,true,user_collection,fwdbtn,fwdbtn
0_e6f0a246-680c-4859-b117-922f1edcb47a,3,20,t_1f0b72b2-8a48-43ef-a9fa-2b3b2255c5ef,false,true,true,false,0,1,0,0,0,0,false,1,2018-07-15,true,user_collection,fwdbtn,fwdbtn
0_e6f0a246-680c-4859-b117-922f1edcb47a,4,20,t_d2832538-7f68-4de8-921a-3756a43dd6f4,true,true,true,false,0,1,0,0,0,0,false,1,2018-07-15,true,user_collection,fwdbtn,fwdbtn
0_e6f0a246-680c-4859-b117-922f1edcb47a,5,20,t_38b0eb91-b357-4a65-820a-52ceaf9fa255,false,false,false,false,0,1,0,0,0,0,false,1,2018-07-15,true,user_collection,fwdbtn,trackdone
0_e6f0a246-680c-4859-b117-922f1edcb47a,6,20,t_c734b5cb-b957-4fb8-ae64-43520da0d8f6,false,true,true,false,0,0,1,1,0,0,false,1,2018-07-15,true,user_collection,trackdone,fwdbtn
0_e6f0a246-680c-4859-b117-922f1edcb47a,7,20,t_ede1632b-da2b-46f0-ac44-8e6b717eb3dd,true,true,true,false,0,1,0,0,0,0,false,1,2018-07-15,true,user_collection,fwdbtn,fwdbtn
0_e6f0a246-680c-4859-b117-922f1edcb47a,8,20,t_284bc795-217d-4781-92cc-28c446c9d8e1,false,true,true,false,0,1,0,0,0,0,false,1,2018-07-15,true,user_collection,fwdbtn,fwdbtn
0_e6f0a246-680c-4859-b117-922f1edcb47a,9,20,t_6d98970c-d5ee-4826-9657-39275d2a23e3,false,false,false,true,0,1,0,0,0,1,false,1,2018-07-15,true,user_collection,fwdbtn,trackdone
0_e6f0a246-680c-4859-b117-922f1edcb47a,10,20,t_967b6ce7-a505-4327-870a-b899e179dd97,false,false,false,true,0,1,0,0,0,0,false,1,2018-07-15,true,user_collection,trackdone,trackdone
0_e6f0a246-680c-4859-b117-922f1edcb47a,11,20,t_e763ef83-6db3-4383-95e0-f087ce028376,false,false,true,false,0,0,1,1,0,0,false,1,2018-07-15,true,user_collection,trackdone,fwdbtn
0_e6f0a246-680c-4859-b117-922f1edcb47a,12,20,t_27d4bb7f-f861-4ab6-9832-5e07bb05fb74,true,true,true,false,0,1,0,0,0,0,false,1,2018-07-15,true,user_collection,fwdbtn,fwdbtn
0_e6f0a246-680c-4859-b117-922f1edcb47a,13,20,t_36443a81-b2fa-4966-a8db-19bb35f8076b,true,true,true,false,0,1,0,0,0,0,false,1,2018-07-15,true,user_collection,fwdbtn,fwdbtn
0_e6f0a246-680c-4859-b117-922f1edcb47a,14,20,t_b1d4bb3f-6106-423e-803b-c4272e6b1a17,true,true,true,false,0,1,0,0,0,0,false,1,2018-07-15,true,user_collection,fwdbtn,fwdbtn
0_e6f0a246-680c-4859-b117-922f1edcb47a,15,20,t_76e8124f-a373-42ba-a36b-f366d97815fe,true,true,true,false,0,1,0,0,0,0,false,1,2018-07-15,true,user_collection,fwdbtn,fwdbtn
0_e6f0a246-680c-4859-b117-922f1edcb47a,16,20,t_90695523-7b34-4601-9eb8-78f892312515,true,true,true,false,0,1,0,0,0,0,false,1,2018-07-15,true,user_collection,fwdbtn,fwdbtn
0_e6f0a246-680c-4859-b117-922f1edcb47a,17,20,t_1a259bb2-0651-41ac-ab9b-d415dfe4ef63,true,true,true,false,0,1,0,0,0,0,false,1,2018-07-15,true,user_collection,fwdbtn,fwdbtn
0_e6f0a246-680c-4859-b117-922f1edcb47a,18,20,t_2d8d078e-8f21-4f09-912f-ef56024a2460,true,true,true,false,0,1,0,0,0,0,false,1,2018-07-15,true,user_collection,fwdbtn,fwdbtn
0_e6f0a246-680c-4859-b117-922f1edcb47a,19,20,t_f010d4f0-a997-4a3d-a17d-230d4c66910b,false,false,true,false,0,1,0,0,0,0,false,1,2018-07-15,true,user_collection,fwdbtn,fwdbtn
0_e6f0a246-680c-4859-b117-922f1edcb47a,20,20,t_fce005ac-ac50-468a-ae8c-be42b4b6edcd,false,false,false,true,0,1,0,0,0,0,false,1,2018-07-15,true,user_collection,fwdbtn,trackdone
0_e7fa5c91-fcdb-4fe3-8c77-57e899a03bb8,1,13,t_f09db0d8-dd19-417a-8ec4-d6874ffe2773,false,false,true,false,0,0,0,0,0,0,true,7,2018-07-15,true,user_collection,trackdone,fwdbtn
0_e7fa5c91-fcdb-4fe3-8c77-57e899a03bb8,2,13,t_15e57882-82ab-4461-9452-117a42a232cb,true,true,true,false,0,1,0,0,0,0,true,7,2018-07-15,true,user_collection,fwdbtn,fwdbtn
0_e7fa5c91-fcdb-4fe3-8c77-57e899a03bb8,3,13,t_b423ba38-d99c-4620-8189-715ad1d2c69b,true,true,true,false,0,1,0,0,0,0,true,7,2018-07-15,true,user_collection,fwdbtn,fwdbtn
0_e7fa5c91-fcdb-4fe3-8c77-57e899a03bb8,4,13,t_6a179307-848b-4397-a80b-02c7d9a17ab8,false,false,false,true,0,1,0,0,0,0,true,7,2018-07-15,true,user_collection,fwdbtn,trackdone
0_e7fa5c91-fcdb-4fe3-8c77-57e899a03bb8,5,13,t_b598e81d-c7dc-4bee-8c30-308e7b0cca2f,false,false,false,true,0,0,1,1,0,0,true,7,2018-07-15,true,user_collection,trackdone,trackdone
0_e7fa5c91-fcdb-4fe3-8c77-57e899a03bb8,6,13,t_77d9140f-8106-43ef-b42a-445620bbb4aa,false,false,false,true,0,1,0,0,0,0,true,7,2018-07-15,true,user_collection,trackdone,trackdone
0_e7fa5c91-fcdb-4fe3-8c77-57e899a03bb8,7,13,t_cc60b2ba-46b1-42fa-8aaa-a10bfaadbbd9,false,false,false,true,0,0,1,1,0,0,true,7,2018-07-15,true,user_collection,trackdone,trackdone
0_e7fa5c91-fcdb-4fe3-8c77-57e899a03bb8,8,13,t_83d0f2d3-3d3d-4c43-9fc6-c930ce793596,false,false,false,true,0,0,1,1,0,0,true,8,2018-07-15,true,user_collection,trackdone,trackdone
0_e7fa5c91-fcdb-4fe3-8c77-57e899a03bb8,9,13,t_0ef6d2c8-faf9-4ebe-ac75-2bade8696a3d,false,false,false,true,0,1,0,0,0,0,true,8,2018-07-15,true,user_collection,trackdone,trackdone
0_e7fa5c91-fcdb-4fe3-8c77-57e899a03bb8,10,13,t_ee116f41-06dc-4f2a-87dc-494235de540e,false,false,false,true,0,1,0,0,0,0,true,8,2018-07-15,true,user_collection,trackdone,trackdone
0_e7fa5c91-fcdb-4fe3-8c77-57e899a03bb8,11,13,t_9229bbff-130d-4668-8e84-6b35c7b7cea0,false,false,false,true,0,0,1,1,0,0,true,8,2018-07-15,true,user_collection,trackdone,trackdone
0_e7fa5c91-fcdb-4fe3-8c77-57e899a03bb8,12,13,t_29a3895e-2c91-49a6-9383-6a71c597390d,false,false,false,true,0,1,0,0,0,0,true,8,2018-07-15,true,user_collection,trackdone,trackdone
0_e7fa5c91-fcdb-4fe3-8c77-57e899a03bb8,13,13,t_e1528f92-03f3-4397-b349-6a79ba7ad7d1,false,false,false,true,0,1,0,0,0,0,true,8,2018-07-15,true,user_collection,trackdone,trackdone
0_e8afd8c3-06c7-471f-8f78-0f9c1dd0510f,1,13,t_a1817b44-24c4-4289-bde4-046a1315f28d,true,true,true,false,0,0,0,0,0,0,true,18,2018-07-15,false,user_collection,fwdbtn,fwdbtn
0_e8afd8c3-06c7-471f-8f78-0f9c1dd0510f,2,13,t_b21ffcca-3c2d-49f0-8b08-8e120167973b,true,true,true,false,0,1,0,0,0,0,true,18,2018-07-15,false,user_collection,fwdbtn,fwdbtn
0_e8afd8c3-06c7-471f-8f78-0f9c1dd0510f,3,13,t_370d6ba1-5a60-4105-9105-ef9e719e8aed,true,true,true,false,0,1,0,0,0,0,true,18,2018-07-15,false,user_collection,fwdbtn,fwdbtn
0_e8afd8c3-06c7-471f-8f78-0f9c1dd0510f,4,13,t_98e73634-8f33-4275-b544-3451553f431e,true,true,true,false,0,1,0,0,0,0,true,18,2018-07-15,false,user_collection,fwdbtn,fwdbtn
0_e8afd8c3-06c7-471f-8f78-0f9c1dd0510f,5,13,t_fa64cc76-2fb2-4f4e-a6ce-d12b69844d3d,true,true,true,false,0,1,0,0,0,0,true,18,2018-07-15,false,user_collection,fwdbtn,fwdbtn
0_e8afd8c3-06c7-471f-8f78-0f9c1dd0510f,6,13,t_38de16bb-9109-475f-a925-407d6df354a7,true,true,true,false,0,1,0,0,0,0,true,18,2018-07-15,false,user_collection,fwdbtn,fwdbtn
0_e8afd8c3-06c7-471f-8f78-0f9c1dd0510f,7,13,t_9f435945-fd74-472f-86c1-39a7e3d66e08,true,true,true,false,0,1,0,0,0,0,true,18,2018-07-15,false,user_collection,fwdbtn,fwdbtn
0_e8afd8c3-06c7-471f-8f78-0f9c1dd0510f,8,13,t_903332bd-b9fa-40e9-b0bf-f70f60ffeebb,true,true,true,false,0,1,0,0,0,0,true,18,2018-07-15,false,user_collection,fwdbtn,fwdbtn
0_e8afd8c3-06c7-471f-8f78-0f9c1dd0510f,9,13,t_d02c49a0-2821-4ce9-81fa-13722f71715a,true,true,true,false,0,1,0,0,0,0,true,18,2018-07-15,false,user_collection,fwdbtn,fwdbtn
0_e8afd8c3-06c7-471f-8f78-0f9c1dd0510f,10,13,t_e1528f92-03f3-4397-b349-6a79ba7ad7d1,true,true,true,false,0,1,0,0,0,0,true,18,2018-07-15,false,user_collection,fwdbtn,fwdbtn
0_e8afd8c3-06c7-471f-8f78-0f9c1dd0510f,11,13,t_02111b05-f8fd-477c-abb4-4bf2e2ed29dc,true,true,true,false,0,0,1,1,0,0,true,18,2018-07-15,false,user_collection,fwdbtn,fwdbtn
0_e8afd8c3-06c7-471f-8f78-0f9c1dd0510f,12,13,t_b598e81d-c7dc-4bee-8c30-308e7b0cca2f,false,false,false,true,0,1,0,0,0,0,true,18,2018-07-15,false,user_collection,fwdbtn,trackdone
0_e8afd8c3-06c7-471f-8f78-0f9c1dd0510f,13,13,t_35bfb822-c716-491d-93fa-7e8dc0c12d07,false,true,true,false,0,0,1,1,0,0,true,18,2018-07-15,false,user_collection,trackdone,fwdbtn
0_ea312407-7393-4216-994d-618507d994ac,1,20,t_15d4760c-4998-4dd6-aa8a-366a7637498c,true,true,true,false,0,0,0,0,0,0,true,17,2018-07-15,true,user_collection,playbtn,fwdbtn
0_ea312407-7393-4216-994d-618507d994ac,2,20,t_a9f838a1-bc8a-4c40-a351-1f89a37a9c21,true,true,true,false,0,1,0,0,0,0,true,17,2018-07-15,true,user_collection,fwdbtn,fwdbtn
0_ea312407-7393-4216-994d-618507d994ac,3,20,t_2e8e5686-ad8a-4bfd-aa48-9b5719e807dd,true,true,true,false,0,1,0,0,0,0,true,17,2018-07-15,true,user_collection,fwdbtn,fwdbtn
0_ea312407-7393-4216-994d-618507d994ac,4,20,t_3b18d92b-3780-4fc2-bcee-edb91d5b9b5b,true,true,true,false,0,1,0,0,0,0,true,17,2018-07-15,true,user_collection,fwdbtn,backbtn
0_ea312407-7393-4216-994d-618507d994ac,5,20,t_2e8e5686-ad8a-4bfd-aa48-9b5719e807dd,false,false,false,true,0,1,0,0,0,0,true,17,2018-07-15,true,user_collection,backbtn,trackdone
0_ea312407-7393-4216-994d-618507d994ac,6,20,t_3b18d92b-3780-4fc2-bcee-edb91d5b9b5b,false,false,false,true,0,1,0,0,0,0,true,17,2018-07-15,true,user_collection,trackdone,trackdone
0_ea312407-7393-4216-994d-618507d994ac,7,20,t_a558a86f-b962-4025-a0d7-fd8007537f3c,false,false,false,true,0,1,0,0,0,0,true,18,2018-07-15,true,user_collection,trackdone,trackdone
0_ea312407-7393-4216-994d-618507d994ac,8,20,t_b6931d91-751d-496d-8628-3837e2cf58e9,false,false,true,false,0,0,1,1,0,0,true,18,2018-07-15,true,user_collection,trackdone,fwdbtn
0_ea312407-7393-4216-994d-618507d994ac,9,20,t_093a5021-9edb-42ac-81c9-2a5516f1f9e5,true,true,true,false,0,1,0,0,0,0,true,18,2018-07-15,true,user_collection,fwdbtn,fwdbtn
0_ea312407-7393-4216-994d-618507d994ac,10,20,t_19afdf0f-1336-4aac-b5f2-c784a22c1e86,true,true,true,false,0,1,0,0,0,0,true,18,2018-07-15,true,user_collection,fwdbtn,fwdbtn
0_ea312407-7393-4216-994d-618507d994ac,11,20,t_92e61a07-7eaa-48b6-8147-951f38fff68b,true,true,true,false,0,1,0,0,0,0,true,18,2018-07-15,true,user_collection,fwdbtn,fwdbtn
0_ea312407-7393-4216-994d-618507d994ac,12,20,t_ec45d981-d3d6-414a-b1eb-112797b7656d,true,true,true,false,0,1,0,0,0,0,true,18,2018-07-15,true,user_collection,fwdbtn,fwdbtn
0_ea312407-7393-4216-994d-618507d994ac,13,20,t_6ef80639-4d2e-4d5e-9d67-913704f6cdc5,true,true,true,false,0,1,0,0,0,0,true,18,2018-07-15,true,user_collection,fwdbtn,fwdbtn
0_ea312407-7393-4216-994d-618507d994ac,14,20,t_660b03f1-8b84-4a9c-a8af-51ce130608f9,true,true,true,false,0,1,0,0,0,0,true,18,2018-07-15,true,user_collection,fwdbtn,fwdbtn
0_ea312407-7393-4216-994d-618507d994ac,15,20,t_b73bc41e-1e2f-4fff-b9ec-33e4a93117f5,true,true,true,false,0,1,0,0,0,0,true,18,2018-07-15,true,user_collection,fwdbtn,fwdbtn
0_ea312407-7393-4216-994d-618507d994ac,16,20,t_9c7f86f4-0b88-4c71-b329-d6dffba08639,true,true,true,false,0,1,0,0,0,0,true,18,2018-07-15,true,user_collection,fwdbtn,fwdbtn
0_ea312407-7393-4216-994d-618507d994ac,17,20,t_71ec9d48-2dbe-446d-a246-b90e9e219a5b,true,true,true,false,0,1,0,0,0,0,true,18,2018-07-15,true,user_collection,fwdbtn,fwdbtn
0_ea312407-7393-4216-994d-618507d994ac,18,20,t_d9c5004c-196b-4d66-8624-ed18be96df50,true,true,true,false,0,1,0,0,0,0,true,18,2018-07-15,true,user_collection,fwdbtn,fwdbtn
0_ea312407-7393-4216-994d-618507d994ac,19,20,t_751b0ee0-5cfa-4247-a970-f0bd96f925c9,true,true,true,false,0,1,0,0,0,0,true,18,2018-07-15,true,user_collection,fwdbtn,fwdbtn
0_ea312407-7393-4216-994d-618507d994ac,20,20,t_0bbf052b-e81f-4ee8-acee-d275cbd30367,true,true,true,false,0,1,0,0,0,0,true,18,2018-07-15,true,user_collection,fwdbtn,fwdbtn
0_eb78dcd1-529b-480c-b6f1-91420efa2bdb,1,20,t_f3c3c11b-76c3-401e-afbc-0182f37629bc,false,false,false,true,0,0,0,0,0,0,false,23,2018-07-14,false,user_collection,trackdone,trackdone
0_eb78dcd1-529b-480c-b6f1-91420efa2bdb,2,20,t_e0dfe420-8404-4032-afed-9decd3cf9492,false,false,false,true,0,0,0,1,0,0,false,23,2018-07-14,false,user_collection,trackdone,trackdone
0_eb78dcd1-529b-480c-b6f1-91420efa2bdb,3,20,t_a66ea088-b357-449a-8a1e-64dd0b8d6cb5,false,false,false,true,0,1,0,0,0,0,false,23,2018-07-14,false,user_collection,trackdone,trackdone
0_eb78dcd1-529b-480c-b6f1-91420efa2bdb,4,20,t_a66ea088-b357-449a-8a1e-64dd0b8d6cb5,false,false,false,true,0,1,0,0,0,0,false,23,2018-07-14,false,user_collection,trackdone,trackdone
0_eb78dcd1-529b-480c-b6f1-91420efa2bdb,5,20,t_a66ea088-b357-449a-8a1e-64dd0b8d6cb5,false,false,false,true,0,1,0,0,0,0,false,23,2018-07-14,false,user_collection,trackdone,trackdone
0_eb78dcd1-529b-480c-b6f1-91420efa2bdb,6,20,t_a66ea088-b357-449a-8a1e-64dd0b8d6cb5,false,false,false,true,0,0,1,1,0,0,false,23,2018-07-14,false,user_collection,trackdone,trackdone
0_eb78dcd1-529b-480c-b6f1-91420efa2bdb,7,20,t_a66ea088-b357-449a-8a1e-64dd0b8d6cb5,false,false,false,true,0,1,0,0,0,0,false,23,2018-07-14,false,user_collection,trackdone,trackdone
0_eb78dcd1-529b-480c-b6f1-91420efa2bdb,8,20,t_a66ea088-b357-449a-8a1e-64dd0b8d6cb5,false,false,false,true,0,1,0,0,0,0,false,0,2018-07-15,false,user_collection,trackdone,trackdone
0_eb78dcd1-529b-480c-b6f1-91420efa2bdb,9,20,t_b845ae2a-3cb4-4d4a-9a12-fd8a80fa3058,false,false,false,true,0,1,0,0,0,0,false,0,2018-07-15,false,user_collection,trackdone,trackdone
0_eb78dcd1-529b-480c-b6f1-91420efa2bdb,10,20,t_96399c78-e74c-43f3-bd73-093a7513bdb1,false,false,true,false,0,0,0,1,0,0,false,0,2018-07-15,false,user_collection,trackdone,fwdbtn
0_eb78dcd1-529b-480c-b6f1-91420efa2bdb,11,20,t_5fc887b0-cd5e-4d99-8fb9-52f4fc8c8c7d,true,true,true,false,0,1,0,0,0,0,false,0,2018-07-15,false,user_collection,fwdbtn,fwdbtn
0_eb78dcd1-529b-480c-b6f1-91420efa2bdb,12,20,t_761b3f3a-50db-436e-a379-5ea1116b5c5d,true,true,true,false,0,1,0,0,0,0,false,0,2018-07-15,false,user_collection,fwdbtn,fwdbtn
0_eb78dcd1-529b-480c-b6f1-91420efa2bdb,13,20,t_49f0a849-a2b8-4609-a458-9c9984b2de02,true,true,true,false,0,1,0,0,0,0,false,0,2018-07-15,false,user_collection,fwdbtn,fwdbtn
0_eb78dcd1-529b-480c-b6f1-91420efa2bdb,14,20,t_4918495c-a00a-4abf-becc-8396cb2d2c73,true,true,true,false,0,1,0,0,0,0,false,0,2018-07-15,false,user_collection,fwdbtn,fwdbtn
0_eb78dcd1-529b-480c-b6f1-91420efa2bdb,15,20,t_63915874-5220-45df-81ff-202f041df8d5,true,true,true,false,0,1,0,0,0,0,false,0,2018-07-15,false,user_collection,fwdbtn,fwdbtn
0_eb78dcd1-529b-480c-b6f1-91420efa2bdb,16,20,t_274ab1ff-d2aa-4a5d-ba98-b98767e7bab0,true,true,true,false,0,1,0,0,0,0,false,0,2018-07-15,false,user_collection,fwdbtn,fwdbtn
0_eb78dcd1-529b-480c-b6f1-91420efa2bdb,17,20,t_bbe0a808-8198-4f54-b1f1-1dd664e19753,false,false,false,true,0,1,0,0,0,0,false,0,2018-07-15,false,user_collection,fwdbtn,trackdone
0_eb78dcd1-529b-480c-b6f1-91420efa2bdb,18,20,t_2ce1313b-d403-4c92-a4e8-7681cbe45fd3,false,false,false,false,0,1,0,0,0,0,false,0,2018-07-15,false,user_collection,trackdone,trackdone
0_eb78dcd1-529b-480c-b6f1-91420efa2bdb,19,20,t_7b18aa82-1210-4b4b-941e-37bdb8418ab8,false,false,false,true,0,1,0,0,0,0,false,0,2018-07-15,false,user_collection,trackdone,trackdone
0_eb78dcd1-529b-480c-b6f1-91420efa2bdb,20,20,t_456460e1-97ae-40e4-a8b6-b2f6d7d9292c,false,false,false,true,0,0,0,1,0,0,false,0,2018-07-15,false,user_collection,trackdone,trackdone
0_ec06b2b0-8c7f-4b60-8f4b-5300b1199185,1,20,t_df544f1c-a4df-449c-81dc-06e5d3a31cdd,false,false,true,false,0,0,0,0,0,0,false,1,2018-07-15,true,catalog,trackdone,endplay
0_ec06b2b0-8c7f-4b60-8f4b-5300b1199185,2,20,t_e365346b-75f9-41a1-ac5d-42c0852511c4,false,false,false,true,0,1,0,0,0,0,false,1,2018-07-15,true,catalog,clickrow,trackdone
0_ec06b2b0-8c7f-4b60-8f4b-5300b1199185,3,20,t_10c76c63-fc9d-4030-ac8a-c86c894fdb49,false,false,false,true,0,1,0,0,0,2,false,1,2018-07-15,true,catalog,trackdone,trackdone
0_ec06b2b0-8c7f-4b60-8f4b-5300b1199185,4,20,t_3cbc92bb-e54a-474c-8581-14da5f67c37c,false,false,false,true,0,1,0,0,0,0,false,1,2018-07-15,true,catalog,trackdone,trackdone
0_ec06b2b0-8c7f-4b60-8f4b-5300b1199185,5,20,t_9325df11-0222-4076-baf1-b76832762985,false,false,false,true,0,1,0,0,0,0,false,1,2018-07-15,true,catalog,trackdone,trackdone
0_ec06b2b0-8c7f-4b60-8f4b-5300b1199185,6,20,t_68b37caa-9f71-4d4b-b1ea-84df2717b985,false,false,false,true,0,1,0,0,0,0,false,1,2018-07-15,true,catalog,trackdone,trackdone
0_ec06b2b0-8c7f-4b60-8f4b-5300b1199185,7,20,t_6bea003f-3ad3-45ea-b2b1-7490f2f61896,false,false,false,true,0,1,0,0,0,0,false,1,2018-07-15,true,catalog,trackdone,trackdone
0_ec06b2b0-8c7f-4b60-8f4b-5300b1199185,8,20,t_97ad5cb4-06f5-426d-86ba-e4c7150e1a1b,false,false,false,true,0,1,0,0,0,0,false,1,2018-07-15,true,catalog,trackdone,trackdone
0_ec06b2b0-8c7f-4b60-8f4b-5300b1199185,9,20,t_82f6bfb4-820e-4159-8f58-0bbb2efe0745,false,false,false,true,0,1,0,0,0,0,false,1,2018-07-15,true,catalog,trackdone,trackdone
0_ec06b2b0-8c7f-4b60-8f4b-5300b1199185,10,20,t_d6ce7703-87c1-4b49-9fb7-f07764e63811,false,false,false,true,0,1,0,0,0,0,false,1,2018-07-15,true,catalog,trackdone,trackdone
0_ec06b2b0-8c7f-4b60-8f4b-5300b1199185,11,20,t_c5ad054b-bae5-49c2-9e17-887071156b43,false,false,false,true,0,1,0,0,0,0,false,2,2018-07-15,true,catalog,trackdone,trackdone
0_ec06b2b0-8c7f-4b60-8f4b-5300b1199185,12,20,t_df544f1c-a4df-449c-81dc-06e5d3a31cdd,false,false,false,true,0,1,0,0,0,0,false,2,2018-07-15,true,catalog,trackdone,trackdone
0_ec06b2b0-8c7f-4b60-8f4b-5300b1199185,13,20,t_b98dd00b-7fab-477b-9d8e-85cc851d5fdb,false,false,false,true,0,1,0,0,0,0,false,2,2018-07-15,true,catalog,trackdone,trackdone
0_ec06b2b0-8c7f-4b60-8f4b-5300b1199185,14,20,t_980e9a5c-ba9b-45bb-9bde-ac5eb707b51e,false,false,false,true,0,1,0,0,0,0,false,2,2018-07-15,true,catalog,trackdone,trackdone
0_ec06b2b0-8c7f-4b60-8f4b-5300b1199185,15,20,t_903b6500-673e-427c-b1f9-929c3db52efe,false,false,false,true,0,1,0,0,0,0,false,2,2018-07-15,true,catalog,trackdone,trackdone
0_ec06b2b0-8c7f-4b60-8f4b-5300b1199185,16,20,t_7441a1a8-13bc-45c0-8493-874460d968f4,false,false,false,true,0,1,0,0,0,0,false,2,2018-07-15,true,catalog,trackdone,trackdone
0_ec06b2b0-8c7f-4b60-8f4b-5300b1199185,17,20,t_4f750e3d-d277-4d14-8855-952648606cc5,false,false,false,true,0,1,0,0,0,0,false,2,2018-07-15,true,catalog,trackdone,trackdone
0_ec06b2b0-8c7f-4b60-8f4b-5300b1199185,18,20,t_b9bb2cce-0135-4faf-b33f-3bbc749c66c9,false,true,true,false,0,1,0,0,0,1,false,2,2018-07-15,true,catalog,trackdone,backbtn
0_ec06b2b0-8c7f-4b60-8f4b-5300b1199185,19,20,t_4f750e3d-d277-4d14-8855-952648606cc5,false,false,false,true,0,1,0,0,0,0,false,2,2018-07-15,true,catalog,backbtn,trackdone
0_ec06b2b0-8c7f-4b60-8f4b-5300b1199185,20,20,t_b9bb2cce-0135-4faf-b33f-3bbc749c66c9,false,false,false,true,0,1,0,0,0,0,false,2,2018-07-15,true,catalog,trackdone,trackdone
0_ef85eed6-0ff5-497e-98ff-04d5582609ef,1,20,t_6e6b433c-59da-49bc-9bdf-ddc122928277,true,true,true,false,0,0,0,0,0,0,true,17,2018-07-14,true,editorial_playlist,fwdbtn,fwdbtn
0_ef85eed6-0ff5-497e-98ff-04d5582609ef,2,20,t_8fd0c874-e115-4b75-8351-54acd7876edf,true,true,true,false,0,1,0,0,0,0,true,17,2018-07-14,true,editorial_playlist,fwdbtn,fwdbtn
0_ef85eed6-0ff5-497e-98ff-04d5582609ef,3,20,t_91eb6576-0f1f-4394-92d8-560d7b8f632b,true,true,true,false,0,1,0,0,0,0,true,17,2018-07-14,true,editorial_playlist,fwdbtn,fwdbtn
0_ef85eed6-0ff5-497e-98ff-04d5582609ef,4,20,t_7393094d-d0db-4d57-861a-c39cf69b9527,true,true,true,false,0,1,0,0,0,0,true,17,2018-07-14,true,editorial_playlist,fwdbtn,fwdbtn
0_ef85eed6-0ff5-497e-98ff-04d5582609ef,5,20,t_8c5b6a1c-86a4-4a6d-b10e-b6c7769bfb25,true,true,true,false,0,1,0,0,0,0,true,17,2018-07-14,true,editorial_playlist,fwdbtn,fwdbtn
0_ef85eed6-0ff5-497e-98ff-04d5582609ef,6,20,t_ab55b9b5-3a1a-46a4-b58a-1c29136a08e2,true,true,true,false,0,1,0,0,0,0,true,17,2018-07-14,true,editorial_playlist,fwdbtn,fwdbtn
0_ef85eed6-0ff5-497e-98ff-04d5582609ef,7,20,t_eed2d4a6-f47c-4fa2-8390-7d62a124b392,true,true,true,false,0,1,0,0,0,0,true,17,2018-07-14,true,editorial_playlist,fwdbtn,fwdbtn
0_ef85eed6-0ff5-497e-98ff-04d5582609ef,8,20,t_46ca5054-e280-4f02-a874-e362e343f479,true,true,true,false,0,1,0,0,0,0,true,17,2018-07-14,true,editorial_playlist,fwdbtn,fwdbtn
0_ef85eed6-0ff5-497e-98ff-04d5582609ef,9,20,t_d1b413bc-c5d0-43ff-ac14-a4401419ac82,true,true,true,false,0,1,0,0,0,0,true,17,2018-07-14,true,editorial_playlist,fwdbtn,fwdbtn
0_ef85eed6-0ff5-497e-98ff-04d5582609ef,10,20,t_2fd6279a-06cd-4d5d-9e54-1912f51bb3c3,true,true,true,false,0,1,0,0,0,0,true,17,2018-07-14,true,editorial_playlist,fwdbtn,fwdbtn
0_ef85eed6-0ff5-497e-98ff-04d5582609ef,11,20,t_eae2ba35-8eb1-40d5-8964-5795f8aadd52,true,true,true,false,0,1,0,0,0,0,true,17,2018-07-14,true,editorial_playlist,fwdbtn,fwdbtn
0_ef85eed6-0ff5-497e-98ff-04d5582609ef,12,20,t_8c4d29b1-e0bf-464c-88f7-ac19240cbba0,true,true,true,false,0,1,0,0,0,0,true,17,2018-07-14,true,editorial_playlist,fwdbtn,fwdbtn
0_ef85eed6-0ff5-497e-98ff-04d5582609ef,13,20,t_2fd6279a-06cd-4d5d-9e54-1912f51bb3c3,true,true,true,false,0,1,0,0,0,0,true,17,2018-07-14,true,editorial_playlist,fwdbtn,fwdbtn
0_ef85eed6-0ff5-497e-98ff-04d5582609ef,14,20,t_75de0438-a2e0-495b-8a92-8a187593f801,true,true,true,false,0,1,0,0,0,0,true,17,2018-07-14,true,editorial_playlist,fwdbtn,fwdbtn
0_ef85eed6-0ff5-497e-98ff-04d5582609ef,15,20,t_338cb0f3-0035-418f-ab2d-3f9342815aaa,true,true,true,false,0,1,0,0,0,0,true,17,2018-07-14,true,editorial_playlist,fwdbtn,fwdbtn
0_ef85eed6-0ff5-497e-98ff-04d5582609ef,16,20,t_9a31436c-a57a-4d7a-9bbc-50f0deca33de,true,true,true,false,0,1,0,0,0,0,true,17,2018-07-14,true,editorial_playlist,fwdbtn,fwdbtn
0_ef85eed6-0ff5-497e-98ff-04d5582609ef,17,20,t_9a03f300-6504-4c7a-92b1-4cd88354ee74,true,true,true,false,0,1,0,0,0,0,true,17,2018-07-14,true,editorial_playlist,fwdbtn,fwdbtn
0_ef85eed6-0ff5-497e-98ff-04d5582609ef,18,20,t_cf345095-b23c-4782-9279-5e82f97973d7,false,true,true,false,0,1,0,0,0,0,true,17,2018-07-14,true,editorial_playlist,fwdbtn,fwdbtn
0_ef85eed6-0ff5-497e-98ff-04d5582609ef,19,20,t_0ef6d2c8-faf9-4ebe-ac75-2bade8696a3d,false,false,false,true,0,1,0,0,0,0,true,17,2018-07-14,true,editorial_playlist,fwdbtn,trackdone
0_ef85eed6-0ff5-497e-98ff-04d5582609ef,20,20,t_b55fe3f7-cee8-4dc4-a752-9d05f314c3b1,true,true,true,false,0,0,1,1,0,0,true,17,2018-07-14,true,editorial_playlist,trackdone,fwdbtn
0_f0d347d8-9496-4c86-ba79-06cf5df6eb7c,1,20,t_79b1fa3e-8ce5-43ce-849f-9d2ab743d3a6,false,false,false,true,0,0,0,0,0,0,true,17,2018-07-14,false,user_collection,clickrow,trackdone
0_f0d347d8-9496-4c86-ba79-06cf5df6eb7c,2,20,t_31572034-0e4b-4e62-9741-c1aab8d13dfa,false,true,true,false,0,0,1,1,0,0,true,17,2018-07-14,false,user_collection,trackdone,fwdbtn
0_f0d347d8-9496-4c86-ba79-06cf5df6eb7c,3,20,t_f1bfdec9-427e-42b6-8fc3-8d7f9242c881,true,true,true,false,0,0,1,1,0,0,true,17,2018-07-14,false,user_collection,fwdbtn,fwdbtn
0_f0d347d8-9496-4c86-ba79-06cf5df6eb7c,4,20,t_d6a4a64b-2f9c-4001-b336-5e7e37c3aedd,true,true,true,false,0,0,1,1,0,0,true,17,2018-07-14,false,user_collection,fwdbtn,fwdbtn
0_f0d347d8-9496-4c86-ba79-06cf5df6eb7c,5,20,t_10a02b6d-bd97-40e0-907a-b964f0e8c3e7,true,true,true,false,0,0,1,1,0,0,true,17,2018-07-14,false,user_collection,fwdbtn,fwdbtn
0_f0d347d8-9496-4c86-ba79-06cf5df6eb7c,6,20,t_e281040e-39ba-4efd-b51e-89f49eac32b9,true,true,true,false,0,1,0,0,0,0,true,17,2018-07-14,false,user_collection,fwdbtn,fwdbtn
0_f0d347d8-9496-4c86-ba79-06cf5df6eb7c,7,20,t_18b55638-4de9-41c7-9b70-450cec335b7e,true,true,true,false,0,1,0,0,0,0,true,17,2018-07-14,false,user_collection,fwdbtn,fwdbtn
0_f0d347d8-9496-4c86-ba79-06cf5df6eb7c,8,20,t_a895b010-83d2-4a47-9b28-e78d443d1cab,true,true,true,false,0,1,0,0,0,0,true,17,2018-07-14,false,user_collection,fwdbtn,fwdbtn
0_f0d347d8-9496-4c86-ba79-06cf5df6eb7c,9,20,t_cd4070fa-1e0c-4bab-95c1-c8679c570e81,true,true,true,false,0,1,0,0,0,0,true,17,2018-07-14,false,user_collection,fwdbtn,fwdbtn
0_f0d347d8-9496-4c86-ba79-06cf5df6eb7c,10,20,t_fc05fb8c-c399-43ce-8c82-331ea8b2e610,true,true,true,false,0,1,0,0,0,0,true,17,2018-07-14,false,user_collection,fwdbtn,fwdbtn
0_f0d347d8-9496-4c86-ba79-06cf5df6eb7c,11,20,t_ae26844c-8c17-4cc7-8ba5-275c577b4a36,true,true,true,false,0,1,0,0,0,0,true,17,2018-07-14,false,user_collection,fwdbtn,fwdbtn
0_f0d347d8-9496-4c86-ba79-06cf5df6eb7c,12,20,t_da19b5d2-875b-4718-b67e-134a2cbd9e95,false,false,false,false,0,1,0,0,0,0,true,17,2018-07-14,false,user_collection,fwdbtn,fwdbtn
0_f0d347d8-9496-4c86-ba79-06cf5df6eb7c,13,20,t_f2dc1676-9fea-476c-8bfe-fc72ac43dca1,false,true,true,false,0,1,0,0,0,0,true,17,2018-07-14,false,user_collection,fwdbtn,fwdbtn
0_f0d347d8-9496-4c86-ba79-06cf5df6eb7c,14,20,t_2c4a69f2-f7f6-4c0a-a454-59c9ca0e411d,true,true,true,false,0,1,0,0,0,0,true,17,2018-07-14,false,user_collection,fwdbtn,fwdbtn
0_f0d347d8-9496-4c86-ba79-06cf5df6eb7c,15,20,t_184bfb14-8e45-41f9-b0e7-db82152f7bb1,true,true,true,false,0,1,0,0,0,0,true,17,2018-07-14,false,user_collection,fwdbtn,fwdbtn
0_f0d347d8-9496-4c86-ba79-06cf5df6eb7c,16,20,t_68772110-a04f-4f3a-9ab9-acb3fdc90587,true,true,true,false,0,1,0,0,0,0,true,17,2018-07-14,false,user_collection,fwdbtn,fwdbtn
0_f0d347d8-9496-4c86-ba79-06cf5df6eb7c,17,20,t_1e5adc04-3fbc-4474-b52a-fce5f932e6de,false,false,true,false,0,0,1,1,0,0,true,17,2018-07-14,false,user_collection,fwdbtn,fwdbtn
0_f0d347d8-9496-4c86-ba79-06cf5df6eb7c,18,20,t_61214eb5-af83-48e7-9104-08dbb57cf9b6,false,false,false,true,0,1,0,0,0,0,true,17,2018-07-14,false,user_collection,fwdbtn,trackdone
0_f0d347d8-9496-4c86-ba79-06cf5df6eb7c,19,20,t_70cf5bae-27bc-4e0a-abd8-274dee0e99d0,false,false,false,true,0,1,0,0,0,0,true,17,2018-07-14,false,user_collection,trackdone,trackdone
0_f0d347d8-9496-4c86-ba79-06cf5df6eb7c,20,20,t_72e2a9ec-569c-457d-9fdb-f7588708bfc0,false,false,true,false,0,0,1,1,0,0,true,17,2018-07-14,false,user_collection,trackdone,fwdbtn
0_f251caa0-3a42-47c8-9c43-ba47db82f1a7,1,20,t_0214ad9b-a913-43f4-9111-0c04f5405449,true,true,true,false,0,0,0,0,0,0,true,22,2018-07-14,true,user_collection,fwdbtn,fwdbtn
0_f251caa0-3a42-47c8-9c43-ba47db82f1a7,2,20,t_05b19d9f-5ac1-4616-a45a-c38610eecad7,true,true,true,false,0,1,0,0,0,0,true,22,2018-07-14,true,user_collection,fwdbtn,fwdbtn
0_f251caa0-3a42-47c8-9c43-ba47db82f1a7,3,20,t_ccaa489d-2ce8-4267-ac9e-99c5a4bd5f82,true,true,true,false,0,1,0,0,0,0,true,22,2018-07-14,true,user_collection,fwdbtn,fwdbtn
0_f251caa0-3a42-47c8-9c43-ba47db82f1a7,4,20,t_2be0bdda-258b-4c0c-a90d-9a873e47d399,true,true,true,false,0,1,0,0,0,0,true,22,2018-07-14,true,user_collection,fwdbtn,backbtn
0_f251caa0-3a42-47c8-9c43-ba47db82f1a7,5,20,t_ccaa489d-2ce8-4267-ac9e-99c5a4bd5f82,false,false,true,false,0,1,0,0,1,0,true,22,2018-07-14,true,user_collection,backbtn,trackdone
0_f251caa0-3a42-47c8-9c43-ba47db82f1a7,6,20,t_2be0bdda-258b-4c0c-a90d-9a873e47d399,false,false,true,false,0,0,1,1,0,0,true,22,2018-07-14,true,user_collection,trackdone,fwdbtn
0_f251caa0-3a42-47c8-9c43-ba47db82f1a7,7,20,t_0f123593-5cb5-42ec-b4db-fb291a2e5eb9,true,true,true,false,0,1,0,0,0,0,true,22,2018-07-14,true,user_collection,fwdbtn,fwdbtn
0_f251caa0-3a42-47c8-9c43-ba47db82f1a7,8,20,t_a3016742-74ba-4a5b-b35f-76d33343dc70,true,true,true,false,0,1,0,0,0,0,true,22,2018-07-14,true,user_collection,fwdbtn,fwdbtn
0_f251caa0-3a42-47c8-9c43-ba47db82f1a7,9,20,t_18395eb5-147c-4755-af85-4b9818226daa,true,true,true,false,0,1,0,0,0,0,true,22,2018-07-14,true,user_collection,fwdbtn,fwdbtn
0_f251caa0-3a42-47c8-9c43-ba47db82f1a7,10,20,t_244d8a7e-a290-424d-9b2e-05b06426914d,true,true,true,false,0,1,0,0,0,0,true,22,2018-07-14,true,user_collection,fwdbtn,fwdbtn
0_f251caa0-3a42-47c8-9c43-ba47db82f1a7,11,20,t_6deead51-8ff2-47fc-9495-9ceb2e54f1e1,true,true,true,false,0,1,0,0,0,0,true,22,2018-07-14,true,user_collection,fwdbtn,fwdbtn
0_f251caa0-3a42-47c8-9c43-ba47db82f1a7,12,20,t_785aff1f-7baa-46c1-a92c-51812d9dbf38,true,true,true,false,0,1,0,0,0,0,true,22,2018-07-14,true,user_collection,fwdbtn,fwdbtn
0_f251caa0-3a42-47c8-9c43-ba47db82f1a7,13,20,t_79f94e71-c71a-4f4f-bce3-5519ca732a5e,true,true,true,false,0,1,0,0,0,0,true,22,2018-07-14,true,user_collection,fwdbtn,fwdbtn
0_f251caa0-3a42-47c8-9c43-ba47db82f1a7,14,20,t_c96330aa-29f2-49be-96b9-f623859330f0,true,true,true,false,0,1,0,0,0,0,true,22,2018-07-14,true,user_collection,fwdbtn,fwdbtn
0_f251caa0-3a42-47c8-9c43-ba47db82f1a7,15,20,t_3c70d8ac-b601-4f8e-be57-cfdb7f119183,true,true,true,false,0,1,0,0,0,0,true,22,2018-07-14,true,user_collection,fwdbtn,fwdbtn
0_f251caa0-3a42-47c8-9c43-ba47db82f1a7,16,20,t_f35eb373-15d1-4faa-9ca0-d0da975deebb,true,true,true,false,0,1,0,0,0,0,true,22,2018-07-14,true,user_collection,fwdbtn,fwdbtn
0_f251caa0-3a42-47c8-9c43-ba47db82f1a7,17,20,t_9a31436c-a57a-4d7a-9bbc-50f0deca33de,true,true,true,false,0,1,0,0,0,0,true,22,2018-07-14,true,user_collection,fwdbtn,fwdbtn
0_f251caa0-3a42-47c8-9c43-ba47db82f1a7,18,20,t_bccc708b-3e30-4270-877c-3c4bb9046af5,false,true,true,false,0,1,0,0,0,0,true,22,2018-07-14,true,user_collection,fwdbtn,fwdbtn
0_f251caa0-3a42-47c8-9c43-ba47db82f1a7,19,20,t_e8308b79-41cf-4b31-b159-df093b592b41,true,true,true,false,0,1,0,0,0,0,true,22,2018-07-14,true,user_collection,fwdbtn,fwdbtn
0_f251caa0-3a42-47c8-9c43-ba47db82f1a7,20,20,t_bc462a63-10a4-4254-92a5-50cce8b9cd0c,false,false,true,false,0,1,0,0,0,0,true,22,2018-07-14,true,user_collection,fwdbtn,fwdbtn
0_f6a4032b-0e09-4a0e-bc01-9611c319a47c,1,12,t_0b21ebb9-8f21-40de-9f43-c8096ba7c6d8,false,false,false,true,0,0,0,0,0,0,false,10,2018-07-15,true,radio,trackdone,trackdone
0_f6a4032b-0e09-4a0e-bc01-9611c319a47c,2,12,t_5251093f-6b0d-45d3-8d5a-32354344770d,false,false,false,true,0,1,0,0,0,0,false,10,2018-07-15,true,radio,trackdone,trackdone
0_f6a4032b-0e09-4a0e-bc01-9611c319a47c,3,12,t_72ece420-74b7-4bfa-ad4e-9075883517e9,false,false,false,true,0,1,0,0,0,0,false,10,2018-07-15,true,radio,trackdone,trackdone
0_f6a4032b-0e09-4a0e-bc01-9611c319a47c,4,12,t_af78ee7d-4077-4cb4-9e6d-41e5c72faf42,false,false,false,true,0,1,0,0,0,0,false,10,2018-07-15,true,radio,trackdone,trackdone
0_f6a4032b-0e09-4a0e-bc01-9611c319a47c,5,12,t_b0dc9bde-d884-4613-a919-9c0e06f84571,false,false,false,true,0,1,0,0,0,0,false,10,2018-07-15,true,radio,trackdone,trackdone
0_f6a4032b-0e09-4a0e-bc01-9611c319a47c,6,12,t_13ceba8d-4d30-44c7-a80d-9f75adca2432,false,false,false,true,0,1,0,0,0,0,false,10,2018-07-15,true,radio,trackdone,trackdone
0_f6a4032b-0e09-4a0e-bc01-9611c319a47c,7,12,t_ace503b2-d6fa-44e8-87c7-9b5c3a873471,false,true,true,false,0,0,1,1,0,0,false,10,2018-07-15,true,radio,trackdone,fwdbtn
0_f6a4032b-0e09-4a0e-bc01-9611c319a47c,8,12,t_8c85816e-e983-42ad-a32a-b5d79a8b3ee0,true,true,true,false,0,1,0,0,0,0,false,10,2018-07-15,true,radio,fwdbtn,fwdbtn
0_f6a4032b-0e09-4a0e-bc01-9611c319a47c,9,12,t_1989ece9-a4eb-4c55-bf73-bbd465b4a715,true,true,true,false,0,1,0,0,0,0,false,10,2018-07-15,true,radio,fwdbtn,fwdbtn
0_f6a4032b-0e09-4a0e-bc01-9611c319a47c,10,12,t_5c4b47b2-e080-4147-b65f-35d191a94f94,true,true,true,false,0,1,0,0,0,0,false,10,2018-07-15,true,radio,fwdbtn,fwdbtn
0_f6a4032b-0e09-4a0e-bc01-9611c319a47c,11,12,t_b0dc3f71-a36f-4e90-adf8-ee48ba3d15f3,false,false,false,true,0,1,0,0,0,0,false,10,2018-07-15,true,radio,fwdbtn,trackdone
0_f6a4032b-0e09-4a0e-bc01-9611c319a47c,12,12,t_92b0b126-4f12-40e0-bcd8-0e57ffefc40a,false,false,false,true,0,1,0,0,0,0,false,11,2018-07-15,true,radio,trackdone,trackdone
0_f9e8b31b-348a-4d7e-b848-298795d1eb8b,1,10,t_a801f8da-7af3-4688-be1a-dfab5f49f7ad,false,false,true,false,0,0,0,0,0,0,false,12,2018-07-15,true,user_collection,trackdone,fwdbtn
0_f9e8b31b-348a-4d7e-b848-298795d1eb8b,2,10,t_7457abde-b609-4119-bff9-9c5f8a58e15e,false,true,true,false,0,1,0,0,0,0,false,12,2018-07-15,true,user_collection,fwdbtn,fwdbtn
0_f9e8b31b-348a-4d7e-b848-298795d1eb8b,3,10,t_258725a6-c7c9-4f33-affa-7adf868fdd90,true,true,true,false,0,1,0,0,0,0,false,12,2018-07-15,true,user_collection,fwdbtn,fwdbtn
0_f9e8b31b-348a-4d7e-b848-298795d1eb8b,4,10,t_fb381ef5-75ad-4c00-82ad-7100154f6aff,true,true,true,false,0,1,0,0,0,0,false,12,2018-07-15,true,user_collection,fwdbtn,fwdbtn
0_f9e8b31b-348a-4d7e-b848-298795d1eb8b,5,10,t_8d3c0699-6f0f-4ded-8ebb-f94ca28cecd6,true,true,true,false,0,1,0,0,0,0,false,12,2018-07-15,true,user_collection,fwdbtn,fwdbtn
0_f9e8b31b-348a-4d7e-b848-298795d1eb8b,6,10,t_a8a88abb-51ca-4dff-a6f7-a747054707d8,true,true,true,false,0,1,0,0,0,0,false,12,2018-07-15,true,user_collection,fwdbtn,fwdbtn
0_f9e8b31b-348a-4d7e-b848-298795d1eb8b,7,10,t_ef241b0f-c5f3-4e9f-8b72-ea5f3f90819c,true,true,true,false,0,1,0,0,0,0,false,12,2018-07-15,true,user_collection,fwdbtn,fwdbtn
0_f9e8b31b-348a-4d7e-b848-298795d1eb8b,8,10,t_e857e173-3e78-4b33-be86-1cbaf18c0f8a,false,false,false,true,0,0,0,1,0,0,false,12,2018-07-15,true,user_collection,fwdbtn,trackdone
0_f9e8b31b-348a-4d7e-b848-298795d1eb8b,9,10,t_2d1f0869-03af-419e-b4a7-6eca6e73af2f,false,false,false,true,0,1,0,0,0,0,false,12,2018-07-15,true,user_collection,trackdone,trackdone
0_f9e8b31b-348a-4d7e-b848-298795d1eb8b,10,10,t_89f09113-8953-4f12-89c3-7422c0d7b659,false,false,false,true,0,1,0,0,0,0,false,12,2018-07-15,true,user_collection,trackdone,trackdone
